"Date";"Account Name";"Number";"Description";"Notes";"Memo";"Category";"Type";"Action";"Reconcile";"To With Sym";"From With Sym";"To Num.";"From Num.";"To Rate/Price";"From Rate/Price"
"2012-01-01";"Cash and Deposit";"";"Bilan 2012-01-01";"";"";"1-Owners investment";"T";"";"N";"C$11,156.97";"";"11,156.97";"";"";""
"";"";"";"";"";"";"Cash and Deposit";"S";"";"N";"C$11,156.97";"";"11,156.97";"";"1.00";""
"";"";"";"";"";"";"1-Owners investment";"S";"";"N";"";"-C$11,156.97";"";"-11,156.97";"";"1.00"
"2012-01-01";"Cash and Deposit";"";"Koodo";"";"";"Cell Phone";"T";"";"N";"-C$57.42";"";"-57.42";"";"";""
"";"";"";"";"";"";"Cell Phone";"S";"";"N";"";"C$57.42";"";"57.42";"";"1.00"
"";"";"";"";"";"";"Cash and Deposit";"S";"";"N";"-C$57.42";"";"-57.42";"";"1.00";""
"2012-01-01";"Cash and Deposit";"";"Fake Pierre app transaction";"";"";"PierreApp";"T";"";"N";"C$34.00";"";"34.00";"";"";""
"";"";"";"";"";"";"Cash and Deposit";"S";"";"N";"C$34.00";"";"34.00";"";"1.00";""
"";"";"";"";"";"";"PierreApp";"S";"";"N";"";"-C$34.00";"";"-34.00";"";"1.00"
"2012-01-04";"Cash and Deposit";"";"Gestion Immobiliere Quo Vadis";"";"";"Rent";"T";"";"N";"-C$30.00";"";"-30.00";"";"";""
"";"";"";"";"";"";"Rent";"S";"";"N";"";"C$30.00";"";"30.00";"";"1.00"
"";"";"";"";"";"";"Cash and Deposit";"S";"";"N";"-C$30.00";"";"-30.00";"";"1.00";""
"2012-01-04";"Cash and Deposit";"";"Gestion Immobiliere Quo Vadis";"";"";"Rent";"T";"";"N";"-C$1,980.54";"";"-1,980.54";"";"";""
"";"";"";"";"";"";"Rent";"S";"";"N";"";"C$1,980.54";"";"1,980.54";"";"1.00"
"";"";"";"";"";"";"Cash and Deposit";"S";"";"N";"-C$1,980.54";"";"-1,980.54";"";"1.00";""
"2012-01-06";"Cash and Deposit";"";"Koodo";"";"";"Cell Phone";"T";"";"N";"-C$57.42";"";"-57.42";"";"";""
"";"";"";"";"";"";"Cell Phone";"S";"";"N";"";"C$57.42";"";"57.42";"";"1.00"
"";"";"";"";"";"";"Cash and Deposit";"S";"";"N";"-C$57.42";"";"-57.42";"";"1.00";""
"2012-01-09";"Cash and Deposit";"";"Future Shop - Office CPU";"";"";"Equipment purchase";"T";"";"N";"-C$423.38";"";"-423.38";"";"";""
"";"";"";"";"";"";"Equipment purchase";"S";"";"N";"";"C$423.38";"";"423.38";"";"1.00"
"";"";"";"";"";"";"Cash and Deposit";"S";"";"N";"-C$423.38";"";"-423.38";"";"1.00";""
"2012-01-09";"Cash and Deposit";"";"Future Shop - USB Key";"";"";"Equipment purchase";"T";"";"N";"-C$7.48";"";"-7.48";"";"";""
"";"";"";"";"";"";"Equipment purchase";"S";"";"N";"";"C$7.48";"";"7.48";"";"1.00"
"";"";"";"";"";"";"Cash and Deposit";"S";"";"N";"-C$7.48";"";"-7.48";"";"1.00";""
"2012-01-09";"Cash and Deposit";"";"PSREMOVED - 2e installment Android App";"";"";"Sales";"T";"";"N";"C$1,049.18";"";"1,049.18";"";"";""
"";"";"";"";"";"";"Cash and Deposit";"S";"";"N";"C$1,049.18";"";"1,049.18";"";"1.00";""
"";"";"";"";"";"";"Sales";"S";"";"N";"";"-C$1,049.18";"";"-1,049.18";"";"1.00"
"2012-01-10";"Cash and Deposit";"";"Employee2 Paycheck for December";"";"";"Employee2 Employee2";"T";"";"N";"-C$386.85";"";"-386.85";"";"";""
"";"";"";"";"";"";"Employee2 Employee2";"S";"";"N";"";"C$386.85";"";"386.85";"";"1.00"
"";"";"";"";"";"";"Cash and Deposit";"S";"";"N";"-C$386.85";"";"-386.85";"";"1.00";""
"2012-01-12";"Cash and Deposit";"";"LTD Print Wordle";"";"";"Publicity";"T";"";"N";"-C$139.00";"";"-139.00";"";"";""
"";"";"";"";"";"";"Publicity";"S";"";"N";"";"C$139.00";"";"139.00";"";"1.00"
"";"";"";"";"";"";"Cash and Deposit";"S";"";"N";"-C$139.00";"";"-139.00";"";"1.00";""
"2012-01-14";"Cash and Deposit";"";"Telus";"";"";"Cell Phone";"T";"";"N";"-C$71.77";"";"-71.77";"";"";""
"";"";"";"";"";"";"Cell Phone";"S";"";"N";"";"C$71.77";"";"71.77";"";"1.00"
"";"";"";"";"";"";"Cash and Deposit";"S";"";"N";"-C$71.77";"";"-71.77";"";"1.00";""
"2012-01-19";"Cash and Deposit";"";"Subway";"";"";"Representation";"T";"";"N";"-C$5.18";"";"-5.18";"";"";""
"";"";"";"";"";"";"Representation";"S";"";"N";"";"C$5.18";"";"5.18";"";"1.00"
"";"";"";"";"";"";"Cash and Deposit";"S";"";"N";"-C$5.18";"";"-5.18";"";"1.00";""
"2012-01-19";"Cash and Deposit";"";"Ye Olde Orchard Pub";"";"";"Representation";"T";"";"N";"-C$18.00";"";"-18.00";"";"";""
"";"";"";"";"";"";"Representation";"S";"";"N";"";"C$18.00";"";"18.00";"";"1.00"
"";"";"";"";"";"";"Cash and Deposit";"S";"";"N";"-C$18.00";"";"-18.00";"";"1.00";""
"2012-01-19";"Cash and Deposit";"";"Grillade du cedre";"";"";"Representation";"T";"";"N";"-C$10.05";"";"-10.05";"";"";""
"";"";"";"";"";"";"Representation";"S";"";"N";"";"C$10.05";"";"10.05";"";"1.00"
"";"";"";"";"";"";"Cash and Deposit";"S";"";"N";"-C$10.05";"";"-10.05";"";"1.00";""
"2012-01-21";"Cash and Deposit";"";"IKEA - Office Chair";"";"";"Office Furniture";"T";"";"N";"-C$97.71";"";"-97.71";"";"";""
"";"";"";"";"";"";"Office Furniture";"S";"";"N";"";"C$97.71";"";"97.71";"";"1.00"
"";"";"";"";"";"";"Cash and Deposit";"S";"";"N";"-C$97.71";"";"-97.71";"";"1.00";""
"2012-01-21";"Cash and Deposit";"";"IKEA - Shelves and Storage supply";"";"";"Office Furniture";"T";"";"N";"-C$155.12";"";"-155.12";"";"";""
"";"";"";"";"";"";"Office Furniture";"S";"";"N";"";"C$155.12";"";"155.12";"";"1.00"
"";"";"";"";"";"";"Cash and Deposit";"S";"";"N";"-C$155.12";"";"-155.12";"";"1.00";""
"2012-01-24";"Cash and Deposit";"";"Dr Laura SREMOVED - Training for Psychology";"";"";"Sales";"T";"";"N";"C$500.00";"";"500.00";"";"";""
"";"";"";"";"";"";"Cash and Deposit";"S";"";"N";"C$500.00";"";"500.00";"";"1.00";""
"";"";"";"";"";"";"Sales";"S";"";"N";"";"-C$500.00";"";"-500.00";"";"1.00"
"2012-01-27";"Cash and Deposit";"";"Click Imprimerie - Business card";"";"";"Publicity";"T";"";"N";"-C$11.35";"";"-11.35";"";"";""
"";"";"";"";"";"";"Publicity";"S";"";"N";"";"C$11.35";"";"11.35";"";"1.00"
"";"";"";"";"";"";"Cash and Deposit";"S";"";"N";"-C$11.35";"";"-11.35";"";"1.00";""
"2012-01-31";"Cash and Deposit";"";"Click Imprimerie";"";"";"Publicity";"T";"";"N";"-C$4.54";"";"-4.54";"";"";""
"";"";"";"";"";"";"Publicity";"S";"";"N";"";"C$4.54";"";"4.54";"";"1.00"
"";"";"";"";"";"";"Cash and Deposit";"S";"";"N";"-C$4.54";"";"-4.54";"";"1.00";""
"2012-02-02";"Cash and Deposit";"";"STM";"";"";"Travel";"T";"";"N";"-C$75.50";"";"-75.50";"";"";""
"";"";"";"";"";"";"Travel";"S";"";"N";"";"C$75.50";"";"75.50";"";"1.00"
"";"";"";"";"";"";"Cash and Deposit";"S";"";"N";"-C$75.50";"";"-75.50";"";"1.00";""
"2012-02-07";"Cash and Deposit";"";"Resto Basilic";"";"";"Representation";"T";"";"N";"-C$21.74";"";"-21.74";"";"";""
"";"";"";"";"";"";"Representation";"S";"";"N";"";"C$21.74";"";"21.74";"";"1.00"
"";"";"";"";"";"";"Cash and Deposit";"S";"";"N";"-C$21.74";"";"-21.74";"";"1.00";""
"2012-02-08";"Cash and Deposit";"";"Pho Bac";"";"";"Representation";"T";"";"N";"-C$8.00";"";"-8.00";"";"";""
"";"";"";"";"";"";"Representation";"S";"";"N";"";"C$8.00";"";"8.00";"";"1.00"
"";"";"";"";"";"";"Cash and Deposit";"S";"";"N";"-C$8.00";"";"-8.00";"";"1.00";""
"2012-02-16";"Cash and Deposit";"";"Telus";"";"";"Cell Phone";"T";"";"N";"-C$72.43";"";"-72.43";"";"";""
"";"";"";"";"";"";"Cell Phone";"S";"";"N";"";"C$72.43";"";"72.43";"";"1.00"
"";"";"";"";"";"";"Cash and Deposit";"S";"";"N";"-C$72.43";"";"-72.43";"";"1.00";""
"2012-02-21";"Cash and Deposit";"";"Domain At cost";"";"";"Dues and Subscriptions";"T";"";"N";"-C$45.00";"";"-45.00";"";"";""
"";"";"";"";"";"";"Dues and Subscriptions";"S";"";"N";"";"C$45.00";"";"45.00";"";"1.00"
"";"";"";"";"";"";"Cash and Deposit";"S";"";"N";"-C$45.00";"";"-45.00";"";"1.00";""
"2012-02-22";"Cash and Deposit";"";"Mon-Nan";"";"";"Representation";"T";"";"N";"-C$28.15";"";"-28.15";"";"";""
"";"";"";"";"";"";"Representation";"S";"";"N";"";"C$28.15";"";"28.15";"";"1.00"
"";"";"";"";"";"";"Cash and Deposit";"S";"";"N";"-C$28.15";"";"-28.15";"";"1.00";""
"2012-02-29";"Cash and Deposit";"";"1219 Cressent";"";"";"Representation";"T";"";"N";"-C$16.00";"";"-16.00";"";"";""
"";"";"";"";"";"";"Representation";"S";"";"N";"";"C$16.00";"";"16.00";"";"1.00"
"";"";"";"";"";"";"Cash and Deposit";"S";"";"N";"-C$16.00";"";"-16.00";"";"1.00";""
"2012-03-06";"Cash and Deposit";"";"Koodo";"";"";"Cell Phone";"T";"";"N";"-C$37.30";"";"-37.30";"";"";""
"";"";"";"";"";"";"Cell Phone";"S";"";"N";"";"C$37.30";"";"37.30";"";"1.00"
"";"";"";"";"";"";"Cash and Deposit";"S";"";"N";"-C$37.30";"";"-37.30";"";"1.00";""
"2012-03-07";"Cash and Deposit";"";"Taco house";"";"";"Representation";"T";"";"N";"-C$5.18";"";"-5.18";"";"";""
"";"";"";"";"";"";"Representation";"S";"";"N";"";"C$5.18";"";"5.18";"";"1.00"
"";"";"";"";"";"";"Cash and Deposit";"S";"";"N";"-C$5.18";"";"-5.18";"";"1.00";""
"2012-03-08";"Cash and Deposit";"";"Poste Canada";"";"";"Postage and Delivery";"T";"";"N";"-C$1.48";"";"-1.48";"";"";""
"";"";"";"";"";"";"Postage and Delivery";"S";"";"N";"";"C$1.48";"";"1.48";"";"1.00"
"";"";"";"";"";"";"Cash and Deposit";"S";"";"N";"-C$1.48";"";"-1.48";"";"1.00";""
"2012-03-12";"Cash and Deposit";"";"L'Ambroisie";"";"";"Representation";"T";"";"N";"-C$13.61";"";"-13.61";"";"";""
"";"";"";"";"";"";"Representation";"S";"";"N";"";"C$13.61";"";"13.61";"";"1.00"
"";"";"";"";"";"";"Cash and Deposit";"S";"";"N";"-C$13.61";"";"-13.61";"";"1.00";""
"2012-03-15";"Cash and Deposit";"";"IGA";"";"";"Office food";"T";"";"N";"-C$34.32";"";"-34.32";"";"";""
"";"";"";"";"";"";"Office food";"S";"";"N";"";"C$34.32";"";"34.32";"";"1.00"
"";"";"";"";"";"";"Cash and Deposit";"S";"";"N";"-C$34.32";"";"-34.32";"";"1.00";""
"2012-03-16";"Cash and Deposit";"";"Telus";"";"";"Cell Phone";"T";"";"N";"-C$213.16";"";"-213.16";"";"";""
"";"";"";"";"";"";"Cell Phone";"S";"";"N";"";"C$213.16";"";"213.16";"";"1.00"
"";"";"";"";"";"";"Cash and Deposit";"S";"";"N";"-C$213.16";"";"-213.16";"";"1.00";""
"2012-03-26";"Cash and Deposit";"";"Amtrack Train Ticket";"";"";"Travel";"T";"";"N";"-C$70.00";"";"-70.00";"";"";""
"";"";"";"";"";"";"Travel";"S";"";"N";"";"C$70.00";"";"70.00";"";"1.00"
"";"";"";"";"";"";"Cash and Deposit";"S";"";"N";"-C$70.00";"";"-70.00";"";"1.00";""
"2012-03-27";"Cash and Deposit";"";"Mon-Nan";"";"";"Representation";"T";"";"N";"-C$18.00";"";"-18.00";"";"";""
"";"";"";"";"";"";"Representation";"S";"";"N";"";"C$18.00";"";"18.00";"";"1.00"
"";"";"";"";"";"";"Cash and Deposit";"S";"";"N";"-C$18.00";"";"-18.00";"";"1.00";""
"2012-03-27";"Cash and Deposit";"";"Cafe Republique";"";"";"Representation";"T";"";"N";"-C$12.54";"";"-12.54";"";"";""
"";"";"";"";"";"";"Representation";"S";"";"N";"";"C$12.54";"";"12.54";"";"1.00"
"";"";"";"";"";"";"Cash and Deposit";"S";"";"N";"-C$12.54";"";"-12.54";"";"1.00";""
"2012-03-28";"Cash and Deposit";"";"PMT Employee1 (Transfert)";"";"";"Employee1 Employee1";"T";"";"N";"-C$1,313.20";"";"-1,313.20";"";"";""
"";"";"";"";"";"";"Employee1 Employee1";"S";"";"N";"";"C$1,313.20";"";"1,313.20";"";"1.00"
"";"";"";"";"";"";"Cash and Deposit";"S";"";"N";"-C$1,313.20";"";"-1,313.20";"";"1.00";""
"2012-03-29";"Cash and Deposit";"";"La Legende Patisserie";"";"";"Representation";"T";"";"N";"-C$20.00";"";"-20.00";"";"";""
"";"";"";"";"";"";"Representation";"S";"";"N";"";"C$20.00";"";"20.00";"";"1.00"
"";"";"";"";"";"";"Cash and Deposit";"S";"";"N";"-C$20.00";"";"-20.00";"";"1.00";""
"2012-03-31";"Cash and Deposit";"";"Bank Charge";"";"";"Bank Service Charge";"T";"";"N";"-C$4.95";"";"-4.95";"";"";""
"";"";"";"";"";"";"Bank Service Charge";"S";"";"N";"";"C$4.95";"";"4.95";"";"1.00"
"";"";"";"";"";"";"Cash and Deposit";"S";"";"N";"-C$4.95";"";"-4.95";"";"1.00";""
"2012-04-02";"Cash and Deposit";"";"Gestion Immobiliere Quo Vadis";"";"";"Rent";"T";"";"N";"-C$2,069.55";"";"-2,069.55";"";"";""
"";"";"";"";"";"";"Rent";"S";"";"N";"";"C$2,069.55";"";"2,069.55";"";"1.00"
"";"";"";"";"";"";"Cash and Deposit";"S";"";"N";"-C$2,069.55";"";"-2,069.55";"";"1.00";""
"2012-04-02";"Cash and Deposit";"";"L2 Lounge";"";"";"Representation";"T";"";"N";"-C$7.09";"";"-7.09";"";"";""
"";"";"";"";"";"";"Representation";"S";"";"N";"";"C$7.09";"";"7.09";"";"1.00"
"";"";"";"";"";"";"Cash and Deposit";"S";"";"N";"-C$7.09";"";"-7.09";"";"1.00";""
"2012-04-02";"Cash and Deposit";"";"PMT Taxes Fed Mars";"";"";"Payroll Tax Fed";"T";"";"N";"-C$104.99";"";"-104.99";"";"";""
"";"";"";"";"";"";"Payroll Tax Fed";"S";"";"N";"";"C$104.99";"";"104.99";"";"1.00"
"";"";"";"";"";"";"Cash and Deposit";"S";"";"N";"-C$104.99";"";"-104.99";"";"1.00";""
"2012-04-02";"Cash and Deposit";"";"PMT Taxes Qc Mars";"";"";"Payroll Tax Qc";"T";"";"N";"-C$225.64";"";"-225.64";"";"";""
"";"";"";"";"";"";"Payroll Tax Qc";"S";"";"N";"";"C$225.64";"";"225.64";"";"1.00"
"";"";"";"";"";"";"Cash and Deposit";"S";"";"N";"-C$225.64";"";"-225.64";"";"1.00";""
"2012-04-03";"Cash and Deposit";"";"TPS et TVQ ensemble";"";"";"First TPS/TVQ together";"T";"";"N";"-C$473.29";"";"-473.29";"";"";""
"";"";"";"";"";"";"First TPS/TVQ together";"S";"";"N";"";"C$473.29";"";"473.29";"";"1.00"
"";"";"";"";"";"";"Cash and Deposit";"S";"";"N";"-C$473.29";"";"-473.29";"";"1.00";""
"2012-04-06";"Cash and Deposit";"";"Koodo";"";"";"Cell Phone";"T";"";"N";"-C$46.45";"";"-46.45";"";"";""
"";"";"";"";"";"";"Cell Phone";"S";"";"N";"";"C$46.45";"";"46.45";"";"1.00"
"";"";"";"";"";"";"Cash and Deposit";"S";"";"N";"-C$46.45";"";"-46.45";"";"1.00";""
"2012-04-07";"Cash and Deposit";"";"Walmart - Coffee Machine";"";"";"Office Furniture";"T";"";"N";"-C$31.93";"";"-31.93";"";"";""
"";"";"";"";"";"";"Office Furniture";"S";"";"N";"";"C$31.93";"";"31.93";"";"1.00"
"";"";"";"";"";"";"Cash and Deposit";"S";"";"N";"-C$31.93";"";"-31.93";"";"1.00";""
"2012-04-09";"Cash and Deposit";"";"IGA";"";"";"Office food";"T";"";"N";"-C$28.65";"";"-28.65";"";"";""
"";"";"";"";"";"";"Office food";"S";"";"N";"";"C$28.65";"";"28.65";"";"1.00"
"";"";"";"";"";"";"Cash and Deposit";"S";"";"N";"-C$28.65";"";"-28.65";"";"1.00";""
"2012-04-11";"Cash and Deposit";"";"Premiere Moisson";"";"";"Representation";"T";"";"N";"-C$6.11";"";"-6.11";"";"";""
"";"";"";"";"";"";"Representation";"S";"";"N";"";"C$6.11";"";"6.11";"";"1.00"
"";"";"";"";"";"";"Cash and Deposit";"S";"";"N";"-C$6.11";"";"-6.11";"";"1.00";""
"2012-04-12";"Cash and Deposit";"4";"Work Visa Dr. Employee6";"";"";"Other";"T";"";"N";"-C$364.00";"";"-364.00";"";"";""
"";"";"";"";"";"";"Other";"S";"";"N";"";"C$364.00";"";"364.00";"";"1.00"
"";"";"";"";"";"";"Cash and Deposit";"S";"";"N";"-C$364.00";"";"-364.00";"";"1.00";""
"2012-04-14";"Cash and Deposit";"";"Telus";"";"";"Cell Phone";"T";"";"N";"-C$91.29";"";"-91.29";"";"";""
"";"";"";"";"";"";"Cell Phone";"S";"";"N";"";"C$91.29";"";"91.29";"";"1.00"
"";"";"";"";"";"";"Cash and Deposit";"S";"";"N";"-C$91.29";"";"-91.29";"";"1.00";""
"2012-04-14";"Cash and Deposit";"";"Chrome Store Dev Registration";"";"";"Dues and Subscriptions";"T";"";"N";"-C$5.08";"";"-5.08";"";"";""
"";"";"";"";"";"";"Dues and Subscriptions";"S";"";"N";"";"C$5.08";"";"5.08";"";"1.00"
"";"";"";"";"";"";"Cash and Deposit";"S";"";"N";"-C$5.08";"";"-5.08";"";"1.00";""
"2012-04-17";"Cash and Deposit";"";"L2 Lounge";"";"";"Representation";"T";"";"N";"-C$3.55";"";"-3.55";"";"";""
"";"";"";"";"";"";"Representation";"S";"";"N";"";"C$3.55";"";"3.55";"";"1.00"
"";"";"";"";"";"";"Cash and Deposit";"S";"";"N";"-C$3.55";"";"-3.55";"";"1.00";""
"2012-04-18";"Cash and Deposit";"";"La Legende Patisserie";"";"";"Representation";"T";"";"N";"-C$16.61";"";"-16.61";"";"";""
"";"";"";"";"";"";"Representation";"S";"";"N";"";"C$16.61";"";"16.61";"";"1.00"
"";"";"";"";"";"";"Cash and Deposit";"S";"";"N";"-C$16.61";"";"-16.61";"";"1.00";""
"2012-04-23";"Cash and Deposit";"";"IGA";"";"";"Office food";"T";"";"N";"-C$8.58";"";"-8.58";"";"";""
"";"";"";"";"";"";"Office food";"S";"";"N";"";"C$8.58";"";"8.58";"";"1.00"
"";"";"";"";"";"";"Cash and Deposit";"S";"";"N";"-C$8.58";"";"-8.58";"";"1.00";""
"2012-04-23";"Cash and Deposit";"";"Investment Employee3";"";"";"2-Owners investment";"T";"";"N";"C$14,000.00";"";"14,000.00";"";"";""
"";"";"";"";"";"";"Cash and Deposit";"S";"";"N";"C$14,000.00";"";"14,000.00";"";"1.00";""
"";"";"";"";"";"";"2-Owners investment";"S";"";"N";"";"-C$14,000.00";"";"-14,000.00";"";"1.00"
"2012-04-24";"Cash and Deposit";"";"Google Play Dev Fee";"";"";"Dues and Subscriptions";"T";"";"N";"-C$25.27";"";"-25.27";"";"";""
"";"";"";"";"";"";"Dues and Subscriptions";"S";"";"N";"";"C$25.27";"";"25.27";"";"1.00"
"";"";"";"";"";"";"Cash and Deposit";"S";"";"N";"-C$25.27";"";"-25.27";"";"1.00";""
"2012-04-25";"Cash and Deposit";"";"IGA";"";"";"Office food";"T";"";"N";"-C$27.64";"";"-27.64";"";"";""
"";"";"";"";"";"";"Office food";"S";"";"N";"";"C$27.64";"";"27.64";"";"1.00"
"";"";"";"";"";"";"Cash and Deposit";"S";"";"N";"-C$27.64";"";"-27.64";"";"1.00";""
"2012-04-27";"Cash and Deposit";"";"Rotisserie Coco Rico";"";"";"Representation";"T";"";"N";"-C$11.44";"";"-11.44";"";"";""
"";"";"";"";"";"";"Representation";"S";"";"N";"";"C$11.44";"";"11.44";"";"1.00"
"";"";"";"";"";"";"Cash and Deposit";"S";"";"N";"-C$11.44";"";"-11.44";"";"1.00";""
"2012-04-30";"Cash and Deposit";"";"Bank Charge";"";"";"Bank Service Charge";"T";"";"N";"-C$4.95";"";"-4.95";"";"";""
"";"";"";"";"";"";"Bank Service Charge";"S";"";"N";"";"C$4.95";"";"4.95";"";"1.00"
"";"";"";"";"";"";"Cash and Deposit";"S";"";"N";"-C$4.95";"";"-4.95";"";"1.00";""
"2012-04-30";"Cash and Deposit";"";"Domain At cost";"";"";"Dues and Subscriptions";"T";"";"N";"-C$13.60";"";"-13.60";"";"";""
"";"";"";"";"";"";"Dues and Subscriptions";"S";"";"N";"";"C$13.60";"";"13.60";"";"1.00"
"";"";"";"";"";"";"Cash and Deposit";"S";"";"N";"-C$13.60";"";"-13.60";"";"1.00";""
"2012-05-02";"Cash and Deposit";"";"PMT Theressa";"";"";"Theressa Dering";"T";"";"N";"-C$1,379.62";"";"-1,379.62";"";"";""
"";"";"";"";"";"";"Theressa Dering";"S";"";"N";"";"C$1,379.62";"";"1,379.62";"";"1.00"
"";"";"";"";"";"";"Cash and Deposit";"S";"";"N";"-C$1,379.62";"";"-1,379.62";"";"1.00";""
"2012-05-03";"Cash and Deposit";"";"Qc Payroll taxes";"";"";"Payroll Tax Qc";"T";"";"N";"-C$639.88";"";"-639.88";"";"";""
"";"";"";"";"";"";"Payroll Tax Qc";"S";"";"N";"";"C$639.88";"";"639.88";"";"1.00"
"";"";"";"";"";"";"Cash and Deposit";"S";"";"N";"-C$639.88";"";"-639.88";"";"1.00";""
"2012-05-03";"Cash and Deposit";"";"Fed Payroll taxes";"";"";"Payroll Tax Fed";"T";"";"N";"-C$316.68";"";"-316.68";"";"";""
"";"";"";"";"";"";"Payroll Tax Fed";"S";"";"N";"";"C$316.68";"";"316.68";"";"1.00"
"";"";"";"";"";"";"Cash and Deposit";"S";"";"N";"-C$316.68";"";"-316.68";"";"1.00";""
"2012-05-09";"Cash and Deposit";"";"PMT Employee1 (Transfert)";"";"";"Employee1 Employee1";"T";"";"N";"-C$1,352.83";"";"-1,352.83";"";"";""
"";"";"";"";"";"";"Employee1 Employee1";"S";"";"N";"";"C$1,352.83";"";"1,352.83";"";"1.00"
"";"";"";"";"";"";"Cash and Deposit";"S";"";"N";"-C$1,352.83";"";"-1,352.83";"";"1.00";""
"2012-05-14";"Cash and Deposit";"6";"PMT Theressa";"";"";"Theressa Dering";"T";"";"N";"-C$1,379.62";"";"-1,379.62";"";"";""
"";"";"";"";"";"";"Theressa Dering";"S";"";"N";"";"C$1,379.62";"";"1,379.62";"";"1.00"
"";"";"";"";"";"";"Cash and Deposit";"S";"";"N";"-C$1,379.62";"";"-1,379.62";"";"1.00";""
"2012-05-24";"Cash and Deposit";"7";"PMT Theressa";"";"";"Theressa Dering";"T";"";"N";"-C$1,379.62";"";"-1,379.62";"";"";""
"";"";"";"";"";"";"Theressa Dering";"S";"";"N";"";"C$1,379.62";"";"1,379.62";"";"1.00"
"";"";"";"";"";"";"Cash and Deposit";"S";"";"N";"-C$1,379.62";"";"-1,379.62";"";"1.00";""
"2012-05-31";"Cash and Deposit";"";"Bank Charge";"";"";"Bank Service Charge";"T";"";"N";"-C$4.95";"";"-4.95";"";"";""
"";"";"";"";"";"";"Bank Service Charge";"S";"";"N";"";"C$4.95";"";"4.95";"";"1.00"
"";"";"";"";"";"";"Cash and Deposit";"S";"";"N";"-C$4.95";"";"-4.95";"";"1.00";""
"2012-06-03";"Cash and Deposit";"";"PMT Employee1 (Transfert)";"";"";"Employee1 Employee1";"T";"";"N";"-C$1,352.83";"";"-1,352.83";"";"";""
"";"";"";"";"";"";"Employee1 Employee1";"S";"";"N";"";"C$1,352.83";"";"1,352.83";"";"1.00"
"";"";"";"";"";"";"Cash and Deposit";"S";"";"N";"-C$1,352.83";"";"-1,352.83";"";"1.00";""
"2012-06-03";"Cash and Deposit";"";"Fed Payroll taxes";"";"";"Payroll Tax Fed";"T";"";"N";"-C$950.05";"";"-950.05";"";"";""
"";"";"";"";"";"";"Payroll Tax Fed";"S";"";"N";"";"C$950.05";"";"950.05";"";"1.00"
"";"";"";"";"";"";"Cash and Deposit";"S";"";"N";"-C$950.05";"";"-950.05";"";"1.00";""
"2012-06-03";"Cash and Deposit";"";"Qc Payroll taxes";"";"";"Payroll Tax Qc";"T";"";"N";"-C$1,919.64";"";"-1,919.64";"";"";""
"";"";"";"";"";"";"Payroll Tax Qc";"S";"";"N";"";"C$1,919.64";"";"1,919.64";"";"1.00"
"";"";"";"";"";"";"Cash and Deposit";"S";"";"N";"-C$1,919.64";"";"-1,919.64";"";"1.00";""
"2012-06-14";"Cash and Deposit";"";"PMT Employee1 (Transfert)";"";"";"Employee1 Employee1";"T";"";"N";"-C$676.41";"";"-676.41";"";"";""
"";"";"";"";"";"";"Employee1 Employee1";"S";"";"N";"";"C$676.41";"";"676.41";"";"1.00"
"";"";"";"";"";"";"Cash and Deposit";"S";"";"N";"-C$676.41";"";"-676.41";"";"1.00";""
"2012-06-14";"Cash and Deposit";"";"PMT Theressa by INGDirect";"";"";"Theressa Dering";"T";"";"N";"-C$2,759.25";"";"-2,759.25";"";"";""
"";"";"";"";"";"";"Theressa Dering";"S";"";"N";"";"C$2,759.25";"";"2,759.25";"";"1.00"
"";"";"";"";"";"";"Cash and Deposit";"S";"";"N";"-C$2,759.25";"";"-2,759.25";"";"1.00";""
"2012-06-25";"Cash and Deposit";"";"Investment Employee3";"";"";"2-Owners investment";"T";"";"N";"C$2,000.00";"";"2,000.00";"";"";""
"";"";"";"";"";"";"Cash and Deposit";"S";"";"N";"C$2,000.00";"";"2,000.00";"";"1.00";""
"";"";"";"";"";"";"2-Owners investment";"S";"";"N";"";"-C$2,000.00";"";"-2,000.00";"";"1.00"
"2012-06-28";"Cash and Deposit";"309";"CREMOVED Invoice #309";"";"";"McGill CREMOVED";"T";"";"N";"C$1,500.00";"";"1,500.00";"";"";""
"";"";"";"";"";"";"Cash and Deposit";"S";"";"N";"C$1,500.00";"";"1,500.00";"";"1.00";""
"";"";"";"";"";"";"McGill CREMOVED";"S";"";"N";"";"-C$1,500.00";"";"-1,500.00";"";"1.00"
"2012-06-30";"Cash and Deposit";"";"Bank Charge";"";"";"Bank Service Charge";"T";"";"N";"-C$4.95";"";"-4.95";"";"";""
"";"";"";"";"";"";"Bank Service Charge";"S";"";"N";"";"C$4.95";"";"4.95";"";"1.00"
"";"";"";"";"";"";"Cash and Deposit";"S";"";"N";"-C$4.95";"";"-4.95";"";"1.00";""
"2012-07-03";"Cash and Deposit";"";"Gestion Immobiliere Quo Vadis";"";"";"Rent";"T";"";"N";"-C$2,069.55";"";"-2,069.55";"";"";""
"";"";"";"";"";"";"Rent";"S";"";"N";"";"C$2,069.55";"";"2,069.55";"";"1.00"
"";"";"";"";"";"";"Cash and Deposit";"S";"";"N";"-C$2,069.55";"";"-2,069.55";"";"1.00";""
"2012-07-09";"Cash and Deposit";"";"PMT Theressa";"";"";"Theressa Dering";"T";"";"N";"-C$1,379.62";"";"-1,379.62";"";"";""
"";"";"";"";"";"";"Theressa Dering";"S";"";"N";"";"C$1,379.62";"";"1,379.62";"";"1.00"
"";"";"";"";"";"";"Cash and Deposit";"S";"";"N";"-C$1,379.62";"";"-1,379.62";"";"1.00";""
"2012-07-09";"Cash and Deposit";"";"PMT Employee1 (Transfert)";"";"";"Employee1 Employee1";"T";"";"N";"-C$676.41";"";"-676.41";"";"";""
"";"";"";"";"";"";"Employee1 Employee1";"S";"";"N";"";"C$676.41";"";"676.41";"";"1.00"
"";"";"";"";"";"";"Cash and Deposit";"S";"";"N";"-C$676.41";"";"-676.41";"";"1.00";""
"2012-07-09";"Cash and Deposit";"";"Fed Payroll taxes";"";"";"Payroll Tax Fed";"T";"";"N";"-C$633.36";"";"-633.36";"";"";""
"";"";"";"";"";"";"Payroll Tax Fed";"S";"";"N";"";"C$633.36";"";"633.36";"";"1.00"
"";"";"";"";"";"";"Cash and Deposit";"S";"";"N";"-C$633.36";"";"-633.36";"";"1.00";""
"2012-07-09";"Cash and Deposit";"";"Qc Payroll taxes";"";"";"Payroll Tax Qc";"T";"";"N";"-C$1,279.76";"";"-1,279.76";"";"";""
"";"";"";"";"";"";"Payroll Tax Qc";"S";"";"N";"";"C$1,279.76";"";"1,279.76";"";"1.00"
"";"";"";"";"";"";"Cash and Deposit";"S";"";"N";"-C$1,279.76";"";"-1,279.76";"";"1.00";""
"2012-07-16";"Cash and Deposit";"";"PMT Theressa by INGDirect";"";"";"Theressa Dering";"T";"";"N";"-C$1,379.62";"";"-1,379.62";"";"";""
"";"";"";"";"";"";"Theressa Dering";"S";"";"N";"";"C$1,379.62";"";"1,379.62";"";"1.00"
"";"";"";"";"";"";"Cash and Deposit";"S";"";"N";"-C$1,379.62";"";"-1,379.62";"";"1.00";""
"2012-07-16";"Cash and Deposit";"";"Investment Employee3";"";"";"2-Owners investment";"T";"";"N";"C$500.00";"";"500.00";"";"";""
"";"";"";"";"";"";"Cash and Deposit";"S";"";"N";"C$500.00";"";"500.00";"";"1.00";""
"";"";"";"";"";"";"2-Owners investment";"S";"";"N";"";"-C$500.00";"";"-500.00";"";"1.00"
"2012-07-23";"Cash and Deposit";"313";"BREMOVED invoice #313 and #314";"";"";"McGill BREMOVED";"T";"";"N";"C$2,250.01";"";"2,250.01";"";"";""
"";"";"";"";"";"";"Cash and Deposit";"S";"";"N";"C$2,250.01";"";"2,250.01";"";"1.00";""
"";"";"";"";"";"";"McGill BREMOVED";"S";"";"N";"";"-C$2,250.01";"";"-2,250.01";"";"1.00"
"2012-07-31";"Cash and Deposit";"";"Bank Charge";"";"";"Bank Service Charge";"T";"";"N";"-C$4.95";"";"-4.95";"";"";""
"";"";"";"";"";"";"Bank Service Charge";"S";"";"N";"";"C$4.95";"";"4.95";"";"1.00"
"";"";"";"";"";"";"Cash and Deposit";"S";"";"N";"-C$4.95";"";"-4.95";"";"1.00";""
"2012-08-01";"Cash and Deposit";"";"PMT Theressa by INGDirect";"";"";"Theressa Dering";"T";"";"N";"-C$1,379.62";"";"-1,379.62";"";"";""
"";"";"";"";"";"";"Theressa Dering";"S";"";"N";"";"C$1,379.62";"";"1,379.62";"";"1.00"
"";"";"";"";"";"";"Cash and Deposit";"S";"";"N";"-C$1,379.62";"";"-1,379.62";"";"1.00";""
"2012-08-01";"Cash and Deposit";"";"Fed Payroll taxes";"";"";"Payroll Tax Fed";"T";"";"N";"-C$503.78";"";"-503.78";"";"";""
"";"";"";"";"";"";"Payroll Tax Fed";"S";"";"N";"";"C$503.78";"";"503.78";"";"1.00"
"";"";"";"";"";"";"Cash and Deposit";"S";"";"N";"-C$503.78";"";"-503.78";"";"1.00";""
"2012-08-01";"Cash and Deposit";"";"Qc Payroll taxes";"";"";"Payroll Tax Qc";"T";"";"N";"-C$997.72";"";"-997.72";"";"";""
"";"";"";"";"";"";"Payroll Tax Qc";"S";"";"N";"";"C$997.72";"";"997.72";"";"1.00"
"";"";"";"";"";"";"Cash and Deposit";"S";"";"N";"-C$997.72";"";"-997.72";"";"1.00";""
"2012-08-01";"Cash and Deposit";"";"Investment Employee3";"";"";"2-Owners investment";"T";"";"N";"C$500.00";"";"500.00";"";"";""
"";"";"";"";"";"";"Cash and Deposit";"S";"";"N";"C$500.00";"";"500.00";"";"1.00";""
"";"";"";"";"";"";"2-Owners investment";"S";"";"N";"";"-C$500.00";"";"-500.00";"";"1.00"
"2012-08-07";"Cash and Deposit";"310";"CREMOVED Invoice #310";"";"";"McGill CREMOVED";"T";"";"N";"C$750.01";"";"750.01";"";"";""
"";"";"";"";"";"";"Cash and Deposit";"S";"";"N";"C$750.01";"";"750.01";"";"1.00";""
"";"";"";"";"";"";"McGill CREMOVED";"S";"";"N";"";"-C$750.01";"";"-750.01";"";"1.00"
"2012-08-14";"Cash and Deposit";"";"Dr RREMOVED Invoice 318";"";"";"McGill RREMOVED";"T";"";"N";"C$2,874.38";"";"2,874.38";"";"";""
"";"";"";"";"";"";"Cash and Deposit";"S";"";"N";"C$2,874.38";"";"2,874.38";"";"1.00";""
"";"";"";"";"";"";"McGill RREMOVED";"S";"";"N";"";"-C$2,874.38";"";"-2,874.38";"";"1.00"
"2012-08-28";"Cash and Deposit";"311";"CREMOVED Invoice #311";"";"";"McGill CREMOVED";"T";"";"N";"C$750.00";"";"750.00";"";"";""
"";"";"";"";"";"";"Cash and Deposit";"S";"";"N";"C$750.00";"";"750.00";"";"1.00";""
"";"";"";"";"";"";"McGill CREMOVED";"S";"";"N";"";"-C$750.00";"";"-750.00";"";"1.00"
"2012-08-31";"Cash and Deposit";"";"Bank Charge";"";"";"Bank Service Charge";"T";"";"N";"-C$4.95";"";"-4.95";"";"";""
"";"";"";"";"";"";"Bank Service Charge";"S";"";"N";"";"C$4.95";"";"4.95";"";"1.00"
"";"";"";"";"";"";"Cash and Deposit";"S";"";"N";"-C$4.95";"";"-4.95";"";"1.00";""
"2012-09-07";"Cash and Deposit";"";"WREMOVED Invoice 315";"";"";"McGill WREMOVED";"T";"";"N";"C$1,500.00";"";"1,500.00";"";"";""
"";"";"";"";"";"";"Cash and Deposit";"S";"";"N";"C$1,500.00";"";"1,500.00";"";"1.00";""
"";"";"";"";"";"";"McGill WREMOVED";"S";"";"N";"";"-C$1,500.00";"";"-1,500.00";"";"1.00"
"2012-09-13";"Cash and Deposit";"";"WREMOVED Invoice Complete";"";"";"McGill WREMOVED";"T";"";"N";"C$750.00";"";"750.00";"";"";""
"";"";"";"";"";"";"Cash and Deposit";"S";"";"N";"C$750.00";"";"750.00";"";"1.00";""
"";"";"";"";"";"";"McGill WREMOVED";"S";"";"N";"";"-C$750.00";"";"-750.00";"";"1.00"
"2012-09-30";"Cash and Deposit";"";"Bank Charge";"";"";"Bank Service Charge";"T";"";"N";"-C$4.95";"";"-4.95";"";"";""
"";"";"";"";"";"";"Bank Service Charge";"S";"";"N";"";"C$4.95";"";"4.95";"";"1.00"
"";"";"";"";"";"";"Cash and Deposit";"S";"";"N";"-C$4.95";"";"-4.95";"";"1.00";""
"2012-10-09";"Cash and Deposit";"";"Gestion Immobiliere Quo Vadis";"";"";"Rent";"T";"";"N";"-C$2,069.55";"";"-2,069.55";"";"";""
"";"";"";"";"";"";"Rent";"S";"";"N";"";"C$2,069.55";"";"2,069.55";"";"1.00"
"";"";"";"";"";"";"Cash and Deposit";"S";"";"N";"-C$2,069.55";"";"-2,069.55";"";"1.00";""
"2012-10-26";"Cash and Deposit";"";"Dr TREMOVED Invoice Full";"";"";"McGill TREMOVED";"T";"";"N";"C$3,000.00";"";"3,000.00";"";"";""
"";"";"";"";"";"";"Cash and Deposit";"S";"";"N";"C$3,000.00";"";"3,000.00";"";"1.00";""
"";"";"";"";"";"";"McGill TREMOVED";"S";"";"N";"";"-C$3,000.00";"";"-3,000.00";"";"1.00"
"2012-10-30";"Cash and Deposit";"322";"PMT WSX #322";"";"";"WSX";"T";"";"N";"C$6,610.13";"";"6,610.13";"";"";""
"";"";"";"";"";"";"Cash and Deposit";"S";"";"N";"C$6,610.13";"";"6,610.13";"";"1.00";""
"";"";"";"";"";"";"WSX";"S";"";"N";"";"-C$6,610.13";"";"-6,610.13";"";"1.00"
"2012-10-31";"Cash and Deposit";"";"Bank Charge";"";"";"Bank Service Charge";"T";"";"N";"-C$4.95";"";"-4.95";"";"";""
"";"";"";"";"";"";"Bank Service Charge";"S";"";"N";"";"C$4.95";"";"4.95";"";"1.00"
"";"";"";"";"";"";"Cash and Deposit";"S";"";"N";"-C$4.95";"";"-4.95";"";"1.00";""
"2012-11-09";"Cash and Deposit";"";"Ordering Check";"";"";"Bank Service Charge";"T";"";"N";"-C$145.62";"";"-145.62";"";"";""
"";"";"";"";"";"";"Bank Service Charge";"S";"";"N";"";"C$145.62";"";"145.62";"";"1.00"
"";"";"";"";"";"";"Cash and Deposit";"S";"";"N";"-C$145.62";"";"-145.62";"";"1.00";""
"2012-11-15";"Cash and Deposit";"1";"PMT Employee1 (Check)";"";"";"Employee1 Employee1";"T";"";"N";"-C$4,259.94";"";"-4,259.94";"";"";""
"";"";"";"";"";"";"Employee1 Employee1";"S";"";"N";"";"C$4,259.94";"";"4,259.94";"";"1.00"
"";"";"";"";"";"";"Cash and Deposit";"S";"";"N";"-C$4,259.94";"";"-4,259.94";"";"1.00";""
"2012-11-15";"Cash and Deposit";"3";"PMT Employee11 Employee11 Check";"";"";"Employee11 Employee11";"T";"";"N";"-C$776.98";"";"-776.98";"";"";""
"";"";"";"";"";"";"Employee11 Employee11";"S";"";"N";"";"C$776.98";"";"776.98";"";"1.00"
"";"";"";"";"";"";"Cash and Deposit";"S";"";"N";"-C$776.98";"";"-776.98";"";"1.00";""
"2012-11-15";"Cash and Deposit";"8";"PMT Contract Dr.Cathcard";"";"";"Other";"T";"";"N";"-C$5,000.00";"";"-5,000.00";"";"";""
"";"";"";"";"";"";"Other";"S";"";"N";"";"C$5,000.00";"";"5,000.00";"";"1.00"
"";"";"";"";"";"";"Cash and Deposit";"S";"";"N";"-C$5,000.00";"";"-5,000.00";"";"1.00";""
"2012-11-19";"Cash and Deposit";"323";"PMT WSX #323";"";"";"WSX";"T";"";"N";"C$8,965.00";"";"8,965.00";"";"";""
"";"";"";"";"";"";"Cash and Deposit";"S";"";"N";"C$8,965.00";"";"8,965.00";"";"1.00";""
"";"";"";"";"";"";"WSX";"S";"";"N";"";"-C$8,965.00";"";"-8,965.00";"";"1.00"
"2012-11-30";"Cash and Deposit";"";"Bank Charge";"";"";"Bank Service Charge";"T";"";"N";"-C$4.95";"";"-4.95";"";"";""
"";"";"";"";"";"";"Bank Service Charge";"S";"";"N";"";"C$4.95";"";"4.95";"";"1.00"
"";"";"";"";"";"";"Cash and Deposit";"S";"";"N";"-C$4.95";"";"-4.95";"";"1.00";""
"2012-11-30";"Cash and Deposit";"";"Bank Charge";"";"";"Bank Service Charge";"T";"";"N";"-C$1.25";"";"-1.25";"";"";""
"";"";"";"";"";"";"Bank Service Charge";"S";"";"N";"";"C$1.25";"";"1.25";"";"1.00"
"";"";"";"";"";"";"Cash and Deposit";"S";"";"N";"-C$1.25";"";"-1.25";"";"1.00";""
"2012-11-30";"Cash and Deposit";"TPS";"Reserve TPS 2012-06 a 2012-09";"";"";"Accounts Payable";"T";"";"N";"-C$397.65";"";"-397.65";"";"";""
"";"";"";"";"";"Paiement of TPS";"Accounts Payable";"S";"";"N";"";"C$397.65";"";"397.65";"";"1.00"
"";"";"";"";"";"";"Cash and Deposit";"S";"";"N";"-C$397.65";"";"-397.65";"";"1.00";""
"2012-11-30";"Cash and Deposit";"TVQ";"Reserve TVQ 2012-06 a 2012-09";"";"";"Accounts Payable";"T";"";"N";"-C$199.31";"";"-199.31";"";"";""
"";"";"";"";"";"PMT to Gouv";"Accounts Payable";"S";"";"N";"";"C$199.31";"";"199.31";"";"1.00"
"";"";"";"";"";"";"Cash and Deposit";"S";"";"N";"-C$199.31";"";"-199.31";"";"1.00";""
"2012-11-30";"Cash and Deposit";"4";"PMT Employee11 Employee11 Check";"";"";"Employee11 Employee11";"T";"";"N";"-C$984.65";"";"-984.65";"";"";""
"";"";"";"";"";"";"Employee11 Employee11";"S";"";"N";"";"C$984.65";"";"984.65";"";"1.00"
"";"";"";"";"";"";"Cash and Deposit";"S";"";"N";"-C$984.65";"";"-984.65";"";"1.00";""
"2012-11-30";"Cash and Deposit";"5";"PMT Employee1 (Check)";"";"";"Employee1 Employee1";"T";"";"N";"-C$1,198.20";"";"-1,198.20";"";"";""
"";"";"";"";"";"";"Employee1 Employee1";"S";"";"N";"";"C$1,198.20";"";"1,198.20";"";"1.00"
"";"";"";"";"";"";"Cash and Deposit";"S";"";"N";"-C$1,198.20";"";"-1,198.20";"";"1.00";""
"2012-12-12";"Cash and Deposit";"";"Qc Payroll taxes";"";"";"Payroll Tax Qc";"T";"";"N";"-C$2,758.33";"";"-2,758.33";"";"";""
"";"";"";"";"";"";"Payroll Tax Qc";"S";"";"N";"";"C$2,758.33";"";"2,758.33";"";"1.00"
"";"";"";"";"";"";"Cash and Deposit";"S";"";"N";"-C$2,758.33";"";"-2,758.33";"";"1.00";""
"2012-12-12";"Cash and Deposit";"";"Fed Payroll taxes";"";"";"Payroll Tax Fed";"T";"";"N";"-C$1,013.72";"";"-1,013.72";"";"";""
"";"";"";"";"";"";"Payroll Tax Fed";"S";"";"N";"";"C$1,013.72";"";"1,013.72";"";"1.00"
"";"";"";"";"";"";"Cash and Deposit";"S";"";"N";"-C$1,013.72";"";"-1,013.72";"";"1.00";""
"2012-12-14";"Cash and Deposit";"8";"PMT Employee11 Employee11 Check";"";"";"Employee11 Employee11";"T";"";"N";"-C$1,157.05";"";"-1,157.05";"";"";""
"";"";"";"";"";"";"Employee11 Employee11";"S";"";"N";"";"C$1,157.05";"";"1,157.05";"";"1.00"
"";"";"";"";"";"";"Cash and Deposit";"S";"";"N";"-C$1,157.05";"";"-1,157.05";"";"1.00";""
"2012-12-24";"Cash and Deposit";"6";"PMT Employee2 (Check)";"";"";"Employee2 Employee2";"T";"";"N";"-C$676.41";"";"-676.41";"";"";""
"";"";"";"";"";"";"Employee2 Employee2";"S";"";"N";"";"C$676.41";"";"676.41";"";"1.00"
"";"";"";"";"";"";"Cash and Deposit";"S";"";"N";"-C$676.41";"";"-676.41";"";"1.00";""
"2012-12-28";"Cash and Deposit";"";"PMT Employee1 (Transfert)";"";"";"Employee1 Employee1";"T";"";"N";"-C$9,585.60";"";"-9,585.60";"";"";""
"";"";"";"";"";"";"Employee1 Employee1";"S";"";"N";"";"C$9,585.60";"";"9,585.60";"";"1.00"
"";"";"";"";"";"";"Cash and Deposit";"S";"";"N";"-C$9,585.60";"";"-9,585.60";"";"1.00";""
"2012-12-28";"Cash and Deposit";"";"Qc Payroll taxes";"";"";"Payroll Tax Qc";"T";"";"N";"-C$5,342.14";"";"-5,342.14";"";"";""
"";"";"";"";"";"";"Payroll Tax Qc";"S";"";"N";"";"C$5,342.14";"";"5,342.14";"";"1.00"
"";"";"";"";"";"";"Cash and Deposit";"S";"";"N";"-C$5,342.14";"";"-5,342.14";"";"1.00";""
"2012-12-28";"Cash and Deposit";"";"Fed Payroll taxes";"";"";"Payroll Tax Fed";"T";"";"N";"-C$2,152.86";"";"-2,152.86";"";"";""
"";"";"";"";"";"";"Payroll Tax Fed";"S";"";"N";"";"C$2,152.86";"";"2,152.86";"";"1.00"
"";"";"";"";"";"";"Cash and Deposit";"S";"";"N";"-C$2,152.86";"";"-2,152.86";"";"1.00";""
"2012-12-28";"Cash and Deposit";"";"Investment Employee3";"";"";"2-Owners investment";"T";"";"N";"C$17,000.00";"";"17,000.00";"";"";""
"";"";"";"";"";"";"Cash and Deposit";"S";"";"N";"C$17,000.00";"";"17,000.00";"";"1.00";""
"";"";"";"";"";"";"2-Owners investment";"S";"";"N";"";"-C$17,000.00";"";"-17,000.00";"";"1.00"
"2012-12-31";"Cash and Deposit";"";"Bank Charge";"";"";"Bank Service Charge";"T";"";"N";"-C$4.95";"";"-4.95";"";"";""
"";"";"";"";"";"";"Bank Service Charge";"S";"";"N";"";"C$4.95";"";"4.95";"";"1.00"
"";"";"";"";"";"";"Cash and Deposit";"S";"";"N";"-C$4.95";"";"-4.95";"";"1.00";""
"2012-12-31";"Cash and Deposit";"";"To match Bank";"";"";"Imbalance-CAD";"T";"";"N";"-C$0.02";"";"-0.02";"";"";""
"";"";"";"";"";"";"Imbalance-CAD";"S";"";"N";"";"C$0.02";"";"0.02";"";"1.00"
"";"";"";"";"";"";"Cash and Deposit";"S";"";"N";"-C$0.02";"";"-0.02";"";"1.00";""
"2013-01-04";"Cash and Deposit";"324";"WSX";"";"";"Accounts Receivable";"T";"";"N";"C$11,121.00";"";"11,121.00";"";"";""
"";"";"";"";"";"";"Cash and Deposit";"S";"";"N";"C$11,121.00";"";"11,121.00";"";"1.00";""
"";"";"";"";"";"Work Nov 5 to Nov 25";"Accounts Receivable";"S";"Invoice";"N";"";"-C$11,121.00";"";"-11,121.00";"";"1.00"
"2013-01-07";"Cash and Deposit";"7";"PMT Employee1 (Check)";"";"";"Employee1 Employee1";"T";"";"N";"-C$1,198.20";"";"-1,198.20";"";"";""
"";"";"";"";"";"";"Employee1 Employee1";"S";"";"N";"";"C$1,198.20";"";"1,198.20";"";"1.00"
"";"";"";"";"";"";"Cash and Deposit";"S";"";"N";"-C$1,198.20";"";"-1,198.20";"";"1.00";""
"2013-01-09";"Cash and Deposit";"09";"PMT Employee11 29 Dec";"";"";"Accounts Payable";"T";"";"N";"-C$1,180.95";"";"-1,180.95";"";"";""
"";"";"";"";"";"Week ending Dec 22";"Accounts Payable";"S";"";"N";"";"C$1,180.95";"";"1,180.95";"";"1.00"
"";"";"";"";"";"";"Cash and Deposit";"S";"";"N";"-C$1,180.95";"";"-1,180.95";"";"1.00";""
"2013-01-17";"Cash and Deposit";"";"Gestion Immobiliere Quo Vadis";"";"";"Rent";"T";"";"N";"-C$2,069.55";"";"-2,069.55";"";"";""
"";"";"";"";"";"";"Rent";"S";"";"N";"";"C$2,069.55";"";"2,069.55";"";"1.00"
"";"";"";"";"";"";"Cash and Deposit";"S";"";"N";"-C$2,069.55";"";"-2,069.55";"";"1.00";""
"2013-01-18";"Cash and Deposit";"TVQ";"Retour de TVQ (moins penalite de 90$)";"";"";"Accounts Receivable";"T";"";"N";"C$1,080.92";"";"1,080.92";"";"";""
"";"";"";"";"";"";"Cash and Deposit";"S";"";"N";"C$1,080.92";"";"1,080.92";"";"1.00";""
"";"";"";"";"";"TVQ de 2012-01 a 2012-06";"Accounts Receivable";"S";"";"N";"";"-C$1,080.92";"";"-1,080.92";"";"1.00"
"2013-01-18";"Cash and Deposit";"TPS";"Retour de TPS ";"";"";"Accounts Receivable";"T";"";"N";"C$577.70";"";"577.70";"";"";""
"";"";"";"";"";"";"Cash and Deposit";"S";"";"N";"C$577.70";"";"577.70";"";"1.00";""
"";"";"";"";"";"Retour de TPS de 2012-01 a 2012-06";"Accounts Receivable";"S";"";"N";"";"-C$577.70";"";"-577.70";"";"1.00"
"2013-01-18";"Cash and Deposit";"325";"WSX";"";"";"Accounts Receivable";"T";"";"N";"C$18,973.00";"";"18,973.00";"";"";""
"";"";"";"";"";"";"Cash and Deposit";"S";"";"N";"C$18,973.00";"";"18,973.00";"";"1.00";""
"";"";"";"";"";"Work Nov 5 to Nov 25";"Accounts Receivable";"S";"Invoice";"N";"";"-C$18,973.00";"";"-18,973.00";"";"1.00"
"2013-01-31";"Cash and Deposit";"";"Bank Charge";"";"";"Bank Service Charge";"T";"";"N";"-C$4.95";"";"-4.95";"";"";""
"";"";"";"";"";"";"Bank Service Charge";"S";"";"N";"";"C$4.95";"";"4.95";"";"1.00"
"";"";"";"";"";"";"Cash and Deposit";"S";"";"N";"-C$4.95";"";"-4.95";"";"1.00";""
"2013-02-07";"Cash and Deposit";"TPS";"Paiment of TPS for 2012-09 to 2012-12";"";"";"Accounts Payable";"T";"";"N";"-C$2,219.14";"";"-2,219.14";"";"";""
"";"";"";"";"";"";"Accounts Payable";"S";"";"N";"";"C$2,219.14";"";"2,219.14";"";"1.00"
"";"";"";"";"";"";"Cash and Deposit";"S";"";"N";"-C$2,219.14";"";"-2,219.14";"";"1.00";""
"2013-02-07";"Cash and Deposit";"TVQ";"Paiment of TVQ for 2012-09 to 2012-12";"";"";"Accounts Payable";"T";"";"N";"-C$4,427.18";"";"-4,427.18";"";"";""
"";"";"";"";"";"";"Accounts Payable";"S";"";"N";"";"C$4,427.18";"";"4,427.18";"";"1.00"
"";"";"";"";"";"";"Cash and Deposit";"S";"";"N";"-C$4,427.18";"";"-4,427.18";"";"1.00";""
"2013-02-11";"Cash and Deposit";"11";"PMT Employee11 19 Jan";"";"";"Accounts Payable";"T";"";"N";"-C$619.02";"";"-619.02";"";"";""
"";"";"";"";"";"PMT 19 Janvier";"Accounts Payable";"S";"Payment";"N";"";"C$619.02";"";"619.02";"";"1.00"
"";"";"";"";"";"";"Cash and Deposit";"S";"";"N";"-C$619.02";"";"-619.02";"";"1.00";""
"2013-02-11";"Cash and Deposit";"13";"PMT Employee1 (Check)";"";"";"Employee1 Employee1";"T";"";"N";"-C$1,195.77";"";"-1,195.77";"";"";""
"";"";"";"";"";"";"Employee1 Employee1";"S";"";"N";"";"C$1,195.77";"";"1,195.77";"";"1.00"
"";"";"";"";"";"";"Cash and Deposit";"S";"";"N";"-C$1,195.77";"";"-1,195.77";"";"1.00";""
"2013-02-11";"Cash and Deposit";"14";"PMT Employee1 (Check)";"";"";"Employee1 Employee1";"T";"";"N";"-C$1,195.77";"";"-1,195.77";"";"";""
"";"";"";"";"";"";"Employee1 Employee1";"S";"";"N";"";"C$1,195.77";"";"1,195.77";"";"1.00"
"";"";"";"";"";"";"Cash and Deposit";"S";"";"N";"-C$1,195.77";"";"-1,195.77";"";"1.00";""
"2013-02-11";"Cash and Deposit";"15";"PMT Employee1 (Check)";"";"";"Employee1 Employee1";"T";"";"N";"-C$1,195.77";"";"-1,195.77";"";"";""
"";"";"";"";"";"";"Employee1 Employee1";"S";"";"N";"";"C$1,195.77";"";"1,195.77";"";"1.00"
"";"";"";"";"";"";"Cash and Deposit";"S";"";"N";"-C$1,195.77";"";"-1,195.77";"";"1.00";""
"2013-02-13";"Cash and Deposit";"12";"PMT Employee11 5 Jan";"";"";"Accounts Payable";"T";"";"N";"-C$586.82";"";"-586.82";"";"";""
"";"";"";"";"";"";"Accounts Payable";"S";"";"N";"";"C$586.82";"";"586.82";"";"1.00"
"";"";"";"";"";"";"Cash and Deposit";"S";"";"N";"-C$586.82";"";"-586.82";"";"1.00";""
"2013-02-14";"Cash and Deposit";"";"Fed Payroll taxes";"";"";"Payroll Tax Fed";"T";"";"N";"-C$472.58";"";"-472.58";"";"";""
"";"";"";"";"";"";"Payroll Tax Fed";"S";"";"N";"";"C$472.58";"";"472.58";"";"1.00"
"";"";"";"";"";"";"Cash and Deposit";"S";"";"N";"-C$472.58";"";"-472.58";"";"1.00";""
"2013-02-14";"Cash and Deposit";"";"Qc Payroll taxes";"";"";"Payroll Tax Qc";"T";"";"N";"-C$974.23";"";"-974.23";"";"";""
"";"";"";"";"";"";"Payroll Tax Qc";"S";"";"N";"";"C$974.23";"";"974.23";"";"1.00"
"";"";"";"";"";"";"Cash and Deposit";"S";"";"N";"-C$974.23";"";"-974.23";"";"1.00";""
"2013-02-14";"Cash and Deposit";"326";"WSX-326";"";"";"Accounts Receivable";"T";"";"N";"C$8,423.07";"";"8,423.07";"";"";""
"";"";"";"";"";"";"Cash and Deposit";"S";"";"N";"C$8,423.07";"";"8,423.07";"";"1.00";""
"";"";"";"";"";"Work Dec 17 to Dec 31";"Accounts Receivable";"S";"Invoice";"N";"";"-C$8,423.07";"";"-8,423.07";"";"1.00"
"2013-02-15";"Cash and Deposit";"17";"PMT Theressa (check)";"";"";"Theressa Dering";"T";"";"N";"-C$1,028.21";"";"-1,028.21";"";"";""
"";"";"";"";"";"";"Theressa Dering";"S";"";"N";"";"C$1,028.21";"";"1,028.21";"";"1.00"
"";"";"";"";"";"";"Cash and Deposit";"S";"";"N";"-C$1,028.21";"";"-1,028.21";"";"1.00";""
"2013-02-19";"Cash and Deposit";"19";"PMT Employee1 16 Feb";"";"";"Accounts Payable";"T";"";"N";"-C$1,195.76";"";"-1,195.76";"";"";""
"";"";"";"";"";"";"Accounts Payable";"S";"";"N";"";"C$1,195.76";"";"1,195.76";"";"1.00"
"";"";"";"";"";"";"Cash and Deposit";"S";"";"N";"-C$1,195.76";"";"-1,195.76";"";"1.00";""
"2013-02-19";"Cash and Deposit";"21";"PMT Theressa 16 Feb";"";"";"Accounts Payable";"T";"";"N";"-C$1,302.64";"";"-1,302.64";"";"";""
"";"";"";"";"";"";"Accounts Payable";"S";"";"N";"";"C$1,302.64";"";"1,302.64";"";"1.00"
"";"";"";"";"";"";"Cash and Deposit";"S";"";"N";"-C$1,302.64";"";"-1,302.64";"";"1.00";""
"2013-02-19";"Cash and Deposit";"328";"RREMOVED";"";"";"Accounts Receivable";"T";"";"N";"C$1,437.19";"";"1,437.19";"";"";""
"";"";"";"";"";"";"Cash and Deposit";"S";"";"N";"C$1,437.19";"";"1,437.19";"";"1.00";""
"";"";"";"";"";"Pho Flow";"Accounts Receivable";"S";"Invoice";"N";"";"-C$1,437.19";"";"-1,437.19";"";"1.00"
"2013-02-21";"Cash and Deposit";"16";"PMT Employee11 7 Feb";"";"";"Accounts Payable";"T";"";"N";"-C$693.36";"";"-693.36";"";"";""
"";"";"";"";"";"";"Accounts Payable";"S";"";"N";"";"C$693.36";"";"693.36";"";"1.00"
"";"";"";"";"";"";"Cash and Deposit";"S";"";"N";"-C$693.36";"";"-693.36";"";"1.00";""
"2013-02-21";"Cash and Deposit";"20";"PMT Employee11 16 Feb";"";"";"Accounts Payable";"T";"";"N";"-C$547.61";"";"-547.61";"";"";""
"";"";"";"";"";"";"Accounts Payable";"S";"";"N";"";"C$547.61";"";"547.61";"";"1.00"
"";"";"";"";"";"";"Cash and Deposit";"S";"";"N";"-C$547.61";"";"-547.61";"";"1.00";""
"2013-02-25";"Cash and Deposit";"18";"PMT Employee2 24Janvier";"";"";"Accounts Payable";"T";"";"N";"-C$146.10";"";"-146.10";"";"";""
"";"";"";"";"";"Work of January";"Accounts Payable";"S";"";"N";"";"C$146.10";"";"146.10";"";"1.00"
"";"";"";"";"";"";"Cash and Deposit";"S";"";"N";"-C$146.10";"";"-146.10";"";"1.00";""
"2013-02-28";"Cash and Deposit";"";"Bank Charge";"";"";"Bank Service Charge";"T";"";"N";"-C$4.95";"";"-4.95";"";"";""
"";"";"";"";"";"";"Bank Service Charge";"S";"";"N";"";"C$4.95";"";"4.95";"";"1.00"
"";"";"";"";"";"";"Cash and Deposit";"S";"";"N";"-C$4.95";"";"-4.95";"";"1.00";""
"2013-02-28";"Cash and Deposit";"";"Bank Charge";"";"";"Bank Service Charge";"T";"";"N";"-C$5.00";"";"-5.00";"";"";""
"";"";"";"";"";"";"Bank Service Charge";"S";"";"N";"";"C$5.00";"";"5.00";"";"1.00"
"";"";"";"";"";"";"Cash and Deposit";"S";"";"N";"-C$5.00";"";"-5.00";"";"1.00";""
"2013-03-07";"Cash and Deposit";"";"Qc Payroll taxes";"";"";"Payroll Tax Qc";"T";"";"N";"-C$1,865.12";"";"-1,865.12";"";"";""
"";"";"";"";"";"";"Payroll Tax Qc";"S";"";"N";"";"C$1,865.12";"";"1,865.12";"";"1.00"
"";"";"";"";"";"";"Cash and Deposit";"S";"";"N";"-C$1,865.12";"";"-1,865.12";"";"1.00";""
"2013-03-07";"Cash and Deposit";"";"Fed Payroll taxes";"";"";"Payroll Tax Fed";"T";"";"N";"-C$865.60";"";"-865.60";"";"";""
"";"";"";"";"";"";"Payroll Tax Fed";"S";"";"N";"";"C$865.60";"";"865.60";"";"1.00"
"";"";"";"";"";"";"Cash and Deposit";"S";"";"N";"-C$865.60";"";"-865.60";"";"1.00";""
"2013-03-07";"Cash and Deposit";"327";"WSX-327";"";"";"Accounts Receivable";"T";"";"N";"C$8,848.48";"";"8,848.48";"";"";""
"";"";"";"";"";"";"Cash and Deposit";"S";"";"N";"C$8,848.48";"";"8,848.48";"";"1.00";""
"";"";"";"";"";"Work Jan 1 to Jan 20";"Accounts Receivable";"S";"Invoice";"N";"";"-C$8,848.48";"";"-8,848.48";"";"1.00"
"2013-03-08";"Cash and Deposit";"22";"PMT Employee11 2 Mars";"";"";"Accounts Payable";"T";"";"N";"-C$380.01";"";"-380.01";"";"";""
"";"";"";"";"";"";"Accounts Payable";"S";"";"N";"";"C$380.01";"";"380.01";"";"1.00"
"";"";"";"";"";"";"Cash and Deposit";"S";"";"N";"-C$380.01";"";"-380.01";"";"1.00";""
"2013-03-08";"Cash and Deposit";"23";"PMT Employee1 2 Mars";"";"";"Accounts Payable";"T";"";"N";"-C$1,195.76";"";"-1,195.76";"";"";""
"";"";"";"";"";"";"Accounts Payable";"S";"";"N";"";"C$1,195.76";"";"1,195.76";"";"1.00"
"";"";"";"";"";"";"Cash and Deposit";"S";"";"N";"-C$1,195.76";"";"-1,195.76";"";"1.00";""
"2013-03-08";"Cash and Deposit";"24";"PMT Theressa 2 Mars";"";"";"Accounts Payable";"T";"";"N";"-C$727.52";"";"-727.52";"";"";""
"";"";"";"";"";"";"Accounts Payable";"S";"";"N";"";"C$727.52";"";"727.52";"";"1.00"
"";"";"";"";"";"";"Cash and Deposit";"S";"";"N";"-C$727.52";"";"-727.52";"";"1.00";""
"2013-03-19";"Cash and Deposit";"25";"PMT Employee1 16 Mars";"";"";"Accounts Payable";"T";"";"N";"-C$1,195.76";"";"-1,195.76";"";"";""
"";"";"";"";"";"";"Accounts Payable";"S";"";"N";"";"C$1,195.76";"";"1,195.76";"";"1.00"
"";"";"";"";"";"";"Cash and Deposit";"S";"";"N";"-C$1,195.76";"";"-1,195.76";"";"1.00";""
"2013-03-20";"Cash and Deposit";"26";"PMT Employee11 16 Mars";"";"";"Accounts Payable";"T";"";"N";"-C$663.70";"";"-663.70";"";"";""
"";"";"";"";"";"";"Accounts Payable";"S";"";"N";"";"C$663.70";"";"663.70";"";"1.00"
"";"";"";"";"";"";"Cash and Deposit";"S";"";"N";"-C$663.70";"";"-663.70";"";"1.00";""
"2013-03-22";"Cash and Deposit";"TPS";"Paiement TPS";"";"";"TPS / HST";"T";"";"N";"-C$1,042.17";"";"-1,042.17";"";"";""
"";"";"";"";"";"";"TPS / HST";"S";"";"N";"";"C$1,042.17";"";"1,042.17";"";"1.00"
"";"";"";"";"";"";"Cash and Deposit";"S";"";"N";"-C$1,042.17";"";"-1,042.17";"";"1.00";""
"2013-03-22";"Cash and Deposit";"TVQ";"Paiement TVQ";"";"";"TVQ / GST";"T";"";"N";"-C$2,079.12";"";"-2,079.12";"";"";""
"";"";"";"";"";"";"TVQ / GST";"S";"";"N";"";"C$2,079.12";"";"2,079.12";"";"1.00"
"";"";"";"";"";"";"Cash and Deposit";"S";"";"N";"-C$2,079.12";"";"-2,079.12";"";"1.00";""
"2013-03-28";"Cash and Deposit";"";"Quebec Tax return";"";"";"Tax return";"T";"";"N";"C$1,481.29";"";"1,481.29";"";"";""
"";"";"";"";"";"";"Cash and Deposit";"S";"";"N";"C$1,481.29";"";"1,481.29";"";"1.00";""
"";"";"";"";"";"";"Tax return";"S";"";"N";"";"-C$1,481.29";"";"-1,481.29";"";"1.00"
"2013-03-28";"Cash and Deposit";"";"Quebec TPS return";"";"";"Tax return";"T";"";"N";"C$1,303.00";"";"1,303.00";"";"";""
"";"";"";"";"";"";"Cash and Deposit";"S";"";"N";"C$1,303.00";"";"1,303.00";"";"1.00";""
"";"";"";"";"";"";"Tax return";"S";"";"N";"";"-C$1,303.00";"";"-1,303.00";"";"1.00"
"2013-03-28";"Cash and Deposit";"330";"IVS-330";"";"";"Accounts Receivable";"T";"";"N";"C$13,832.64";"";"13,832.64";"";"";""
"";"";"";"";"";"";"Cash and Deposit";"S";"";"N";"C$13,832.64";"";"13,832.64";"";"1.00";""
"";"";"";"";"";"Work Feb 11 to Mars 10";"Accounts Receivable";"S";"";"N";"";"-C$13,832.64";"";"-13,832.64";"";"1.00"
"2013-03-29";"Cash and Deposit";"";"Bank Charge";"";"";"Bank Service Charge";"T";"";"N";"-C$5.94";"";"-5.94";"";"";""
"";"";"";"";"";"";"Bank Service Charge";"S";"";"N";"";"C$5.94";"";"5.94";"";"1.00"
"";"";"";"";"";"";"Cash and Deposit";"S";"";"N";"-C$5.94";"";"-5.94";"";"1.00";""
"2013-04-03";"Cash and Deposit";"";"Qc Payroll taxes";"";"";"Payroll Tax Qc";"T";"";"N";"-C$1,420.51";"";"-1,420.51";"";"";""
"";"";"";"";"";"";"Payroll Tax Qc";"S";"";"N";"";"C$1,420.51";"";"1,420.51";"";"1.00"
"";"";"";"";"";"";"Cash and Deposit";"S";"";"N";"-C$1,420.51";"";"-1,420.51";"";"1.00";""
"2013-04-03";"Cash and Deposit";"";"Fed Payroll taxes";"";"";"Payroll Tax Fed";"T";"";"N";"-C$681.01";"";"-681.01";"";"";""
"";"";"";"";"";"";"Payroll Tax Fed";"S";"";"N";"";"C$681.01";"";"681.01";"";"1.00"
"";"";"";"";"";"";"Cash and Deposit";"S";"";"N";"-C$681.01";"";"-681.01";"";"1.00";""
"2013-04-03";"Cash and Deposit";"";"Investment Employee3";"";"";"2-Owners investment";"T";"";"N";"-C$4,000.00";"";"-4,000.00";"";"";""
"";"";"";"";"";"";"2-Owners investment";"S";"";"N";"";"C$4,000.00";"";"4,000.00";"";"1.00"
"";"";"";"";"";"";"Cash and Deposit";"S";"";"N";"-C$4,000.00";"";"-4,000.00";"";"1.00";""
"2013-04-03";"Cash and Deposit";"";"PMT Employee3 Credit Card Laptup";"";"";"Credit Card";"T";"";"N";"-C$1,641.84";"";"-1,641.84";"";"";""
"";"";"";"";"";"";"Credit Card";"S";"";"N";"";"C$1,641.84";"";"1,641.84";"";"1.00"
"";"";"";"";"";"";"Cash and Deposit";"S";"";"N";"-C$1,641.84";"";"-1,641.84";"";"1.00";""
"2013-04-03";"Cash and Deposit";"27";"Taxes et Frais sur TVQ";"";"";"Accounts Payable";"T";"";"N";"-C$689.78";"";"-689.78";"";"";""
"";"";"";"";"";"";"Accounts Payable";"S";"";"N";"";"C$689.78";"";"689.78";"";"1.00"
"";"";"";"";"";"";"Cash and Deposit";"S";"";"N";"-C$689.78";"";"-689.78";"";"1.00";""
"2013-04-08";"Cash and Deposit";"29";"PMT Employee11 13 Avril";"";"";"Salary - Wages";"T";"";"N";"-C$1,061.11";"";"-1,061.11";"";"";""
"";"";"";"";"";"";"Salary - Wages";"S";"";"N";"";"C$1,061.11";"";"1,061.11";"";"1.00"
"";"";"";"";"";"";"Cash and Deposit";"S";"";"N";"-C$1,061.11";"";"-1,061.11";"";"1.00";""
"2013-04-10";"Cash and Deposit";"28";"Rent Quo Vadis";"";"";"Accounts Payable";"T";"";"N";"-C$2,069.55";"";"-2,069.55";"";"";""
"";"";"";"";"";"";"Accounts Payable";"S";"";"N";"";"C$2,069.55";"";"2,069.55";"";"1.00"
"";"";"";"";"";"";"Cash and Deposit";"S";"";"N";"-C$2,069.55";"";"-2,069.55";"";"1.00";""
"2013-04-25";"Cash and Deposit";"32";"PMT Employee12 13 Avril";"";"";"Salary - Wages";"T";"";"N";"-C$992.66";"";"-992.66";"";"";""
"";"";"";"";"";"";"Salary - Wages";"S";"";"N";"";"C$992.66";"";"992.66";"";"1.00"
"";"";"";"";"";"";"Cash and Deposit";"S";"";"N";"-C$992.66";"";"-992.66";"";"1.00";""
"2013-04-26";"Cash and Deposit";"31";"PMT Employee11 13 Avril";"";"";"Salary - Wages";"T";"";"N";"-C$611.12";"";"-611.12";"";"";""
"";"";"";"";"";"";"Salary - Wages";"S";"";"N";"";"C$611.12";"";"611.12";"";"1.00"
"";"";"";"";"";"";"Cash and Deposit";"S";"";"N";"-C$611.12";"";"-611.12";"";"1.00";""
"2013-04-30";"Cash and Deposit";"";"Qc Payroll taxes";"";"";"Payroll Tax Qc";"T";"";"N";"-C$1,142.07";"";"-1,142.07";"";"";""
"";"";"";"";"";"";"Payroll Tax Qc";"S";"";"N";"";"C$1,142.07";"";"1,142.07";"";"1.00"
"";"";"";"";"";"";"Cash and Deposit";"S";"";"N";"-C$1,142.07";"";"-1,142.07";"";"1.00";""
"2013-04-30";"Cash and Deposit";"";"Fed Payroll taxes";"";"";"Payroll Tax Fed";"T";"";"N";"-C$549.30";"";"-549.30";"";"";""
"";"";"";"";"";"";"Payroll Tax Fed";"S";"";"N";"";"C$549.30";"";"549.30";"";"1.00"
"";"";"";"";"";"";"Cash and Deposit";"S";"";"N";"-C$549.30";"";"-549.30";"";"1.00";""
"2013-04-30";"Cash and Deposit";"";"Bank Charge";"";"";"Bank Service Charge";"T";"";"N";"-C$6.95";"";"-6.95";"";"";""
"";"";"";"";"";"";"Bank Service Charge";"S";"";"N";"";"C$6.95";"";"6.95";"";"1.00"
"";"";"";"";"";"";"Cash and Deposit";"S";"";"N";"-C$6.95";"";"-6.95";"";"1.00";""
"2013-05-01";"Cash and Deposit";"34";"PMT Employee11 27 Avril";"";"";"Salary - Wages";"T";"";"N";"-C$818.59";"";"-818.59";"";"";""
"";"";"";"";"";"";"Salary - Wages";"S";"";"N";"";"C$818.59";"";"818.59";"";"1.00"
"";"";"";"";"";"";"Cash and Deposit";"S";"";"N";"-C$818.59";"";"-818.59";"";"1.00";""
"2013-05-01";"Cash and Deposit";"35";"PMT Employee12 27 Avril";"";"";"Salary - Wages";"T";"";"N";"-C$728.62";"";"-728.62";"";"";""
"";"";"";"";"";"";"Salary - Wages";"S";"";"N";"";"C$728.62";"";"728.62";"";"1.00"
"";"";"";"";"";"";"Cash and Deposit";"S";"";"N";"-C$728.62";"";"-728.62";"";"1.00";""
"2013-05-03";"Cash and Deposit";"";"Investment Employee3";"";"";"2-Owners investment";"T";"";"N";"-C$15,000.00";"";"-15,000.00";"";"";""
"";"";"";"";"";"";"2-Owners investment";"S";"";"N";"";"C$15,000.00";"";"15,000.00";"";"1.00"
"";"";"";"";"";"";"Cash and Deposit";"S";"";"N";"-C$15,000.00";"";"-15,000.00";"";"1.00";""
"2013-05-07";"Cash and Deposit";"";"1k Hiring program";"";"";"Tax return";"T";"";"N";"C$1,000.00";"";"1,000.00";"";"";""
"";"";"";"";"";"";"Cash and Deposit";"S";"";"N";"C$1,000.00";"";"1,000.00";"";"1.00";""
"";"";"";"";"";"";"Tax return";"S";"";"N";"";"-C$1,000.00";"";"-1,000.00";"";"1.00"
"2013-05-07";"Cash and Deposit";"33";"PMT Employee1 13 Avril";"";"";"Salary - Wages";"T";"";"N";"-C$1,195.76";"";"-1,195.76";"";"";""
"";"";"";"";"";"";"Salary - Wages";"S";"";"N";"";"C$1,195.76";"";"1,195.76";"";"1.00"
"";"";"";"";"";"";"Cash and Deposit";"S";"";"N";"-C$1,195.76";"";"-1,195.76";"";"1.00";""
"2013-05-07";"Cash and Deposit";"331";"IVS-331";"";"";"Accounts Receivable";"T";"";"N";"C$10,953.38";"";"10,953.38";"";"";""
"";"";"";"";"";"";"Cash and Deposit";"S";"";"N";"C$10,953.38";"";"10,953.38";"";"1.00";""
"";"";"";"";"";"Work Mars 11 to Avril 10";"Accounts Receivable";"S";"";"N";"";"-C$10,953.38";"";"-10,953.38";"";"1.00"
"2013-05-17";"Cash and Deposit";"329";"IVS-329";"";"";"Accounts Receivable";"T";"";"N";"C$16,463.27";"";"16,463.27";"";"";""
"";"";"";"";"";"";"Cash and Deposit";"S";"";"N";"C$16,463.27";"";"16,463.27";"";"1.00";""
"";"";"";"";"";"Work Jan 1 to Jan 20";"Accounts Receivable";"S";"";"N";"";"-C$16,463.27";"";"-16,463.27";"";"1.00"
"2013-05-22";"Cash and Deposit";"36";"PMT Employee12 11Mai";"";"";"Salary - Wages";"T";"";"N";"-C$1,086.54";"";"-1,086.54";"";"";""
"";"";"";"";"";"";"Salary - Wages";"S";"";"N";"";"C$1,086.54";"";"1,086.54";"";"1.00"
"";"";"";"";"";"";"Cash and Deposit";"S";"";"N";"-C$1,086.54";"";"-1,086.54";"";"1.00";""
"2013-05-23";"Cash and Deposit";"37";"PMT Employee11 11 Mai";"";"";"Salary - Wages";"T";"";"N";"-C$1,147.18";"";"-1,147.18";"";"";""
"";"";"";"";"";"";"Salary - Wages";"S";"";"N";"";"C$1,147.18";"";"1,147.18";"";"1.00"
"";"";"";"";"";"";"Cash and Deposit";"S";"";"N";"-C$1,147.18";"";"-1,147.18";"";"1.00";""
"2013-05-31";"Cash and Deposit";"";"Bank Charge";"";"";"Bank Service Charge";"T";"";"N";"-C$6.20";"";"-6.20";"";"";""
"";"";"";"";"";"";"Bank Service Charge";"S";"";"N";"";"C$6.20";"";"6.20";"";"1.00"
"";"";"";"";"";"";"Cash and Deposit";"S";"";"N";"-C$6.20";"";"-6.20";"";"1.00";""
"2013-05-31";"Cash and Deposit";"38";"PMT Employee11 25 Mai";"";"";"Salary - Wages";"T";"";"N";"-C$924.21";"";"-924.21";"";"";""
"";"";"";"";"";"";"Salary - Wages";"S";"";"N";"";"C$924.21";"";"924.21";"";"1.00"
"";"";"";"";"";"";"Cash and Deposit";"S";"";"N";"-C$924.21";"";"-924.21";"";"1.00";""
"2013-05-31";"Cash and Deposit";"39";"PMT Employee12 25Mai";"";"";"Salary - Wages";"T";"";"N";"-C$1,063.07";"";"-1,063.07";"";"";""
"";"";"";"";"";"";"Salary - Wages";"S";"";"N";"";"C$1,063.07";"";"1,063.07";"";"1.00"
"";"";"";"";"";"";"Cash and Deposit";"S";"";"N";"-C$1,063.07";"";"-1,063.07";"";"1.00";""
"2013-05-31";"Cash and Deposit";"40";"Bureau en gros";"";"";"Accounts Payable";"T";"";"N";"-C$103.44";"";"-103.44";"";"";""
"";"";"";"";"";"";"Accounts Payable";"S";"";"N";"";"C$103.44";"";"103.44";"";"1.00"
"";"";"";"";"";"";"Cash and Deposit";"S";"";"N";"-C$103.44";"";"-103.44";"";"1.00";""
"2013-06-12";"Cash and Deposit";"";"Qc Payroll taxes";"";"";"Payroll Tax Qc";"T";"";"N";"-C$1,261.84";"";"-1,261.84";"";"";""
"";"";"";"";"";"";"Payroll Tax Qc";"S";"";"N";"";"C$1,261.84";"";"1,261.84";"";"1.00"
"";"";"";"";"";"";"Cash and Deposit";"S";"";"N";"-C$1,261.84";"";"-1,261.84";"";"1.00";""
"2013-06-12";"Cash and Deposit";"";"Fed Payroll taxes";"";"";"Payroll Tax Fed";"T";"";"N";"-C$614.17";"";"-614.17";"";"";""
"";"";"";"";"";"";"Payroll Tax Fed";"S";"";"N";"";"C$614.17";"";"614.17";"";"1.00"
"";"";"";"";"";"";"Cash and Deposit";"S";"";"N";"-C$614.17";"";"-614.17";"";"1.00";""
"2013-06-19";"Cash and Deposit";"";"Rent 1118 Wolfe June-Dec31";"";"";"Rent";"T";"";"N";"-C$8,000.00";"";"-8,000.00";"";"";""
"";"";"";"";"";"";"Rent";"S";"";"N";"";"C$8,000.00";"";"8,000.00";"";"1.00"
"";"";"";"";"";"";"Cash and Deposit";"S";"";"N";"-C$8,000.00";"";"-8,000.00";"";"1.00";""
"2013-06-19";"Cash and Deposit";"";"Paiement TVQ";"";"";"TVQ / GST";"T";"";"N";"-C$3,531.93";"";"-3,531.93";"";"";""
"";"";"";"";"";"";"TVQ / GST";"S";"";"N";"";"C$3,531.93";"";"3,531.93";"";"1.00"
"";"";"";"";"";"";"Cash and Deposit";"S";"";"N";"-C$3,531.93";"";"-3,531.93";"";"1.00";""
"2013-06-19";"Cash and Deposit";"TPS";"Paiement TPS";"";"";"TPS / HST";"T";"";"N";"-C$1,770.39";"";"-1,770.39";"";"";""
"";"";"";"";"";"";"TPS / HST";"S";"";"N";"";"C$1,770.39";"";"1,770.39";"";"1.00"
"";"";"";"";"";"";"Cash and Deposit";"S";"";"N";"-C$1,770.39";"";"-1,770.39";"";"1.00";""
"2013-06-28";"Cash and Deposit";"";"Bank Charge";"";"";"Bank Service Charge";"T";"";"N";"-C$4.95";"";"-4.95";"";"";""
"";"";"";"";"";"";"Bank Service Charge";"S";"";"N";"";"C$4.95";"";"4.95";"";"1.00"
"";"";"";"";"";"";"Cash and Deposit";"S";"";"N";"-C$4.95";"";"-4.95";"";"1.00";""
"2013-07-05";"Cash and Deposit";"Virement";"PMT Employee11&Employee12";"";"";"Salary - Wages";"T";"";"N";"-C$4,493.85";"";"-4,493.85";"";"";""
"";"";"";"";"";"";"Salary - Wages";"S";"";"N";"";"C$4,493.85";"";"4,493.85";"";"1.00"
"";"";"";"";"";"";"Cash and Deposit";"S";"";"N";"-C$4,493.85";"";"-4,493.85";"";"1.00";""
"2013-07-23";"Cash and Deposit";"";"Ordering Check Overcharge";"";"";"Bank Service Charge";"T";"";"N";"-C$123.19";"";"-123.19";"";"";""
"";"";"";"";"";"";"Bank Service Charge";"S";"";"N";"";"C$123.19";"";"123.19";"";"1.00"
"";"";"";"";"";"";"Cash and Deposit";"S";"";"N";"-C$123.19";"";"-123.19";"";"1.00";""
"2013-07-31";"Cash and Deposit";"";"Bank Charge";"";"";"Bank Service Charge";"T";"";"N";"-C$4.95";"";"-4.95";"";"";""
"";"";"";"";"";"";"Bank Service Charge";"S";"";"N";"";"C$4.95";"";"4.95";"";"1.00"
"";"";"";"";"";"";"Cash and Deposit";"S";"";"N";"-C$4.95";"";"-4.95";"";"1.00";""
"2013-07-31";"Cash and Deposit";"";"Fed Payroll taxes Forgot June";"";"";"Payroll Tax Fed";"T";"";"N";"-C$1.00";"";"-1.00";"";"";""
"";"";"";"";"";"";"Payroll Tax Fed";"S";"";"N";"";"C$1.00";"";"1.00";"";"1.00"
"";"";"";"";"";"";"Cash and Deposit";"S";"";"N";"-C$1.00";"";"-1.00";"";"1.00";""
"2013-07-31";"Cash and Deposit";"";"Fed Payroll taxes June&July";"";"";"Payroll Tax Fed";"T";"";"N";"-C$1,381.79";"";"-1,381.79";"";"";""
"";"";"";"";"";"";"Payroll Tax Fed";"S";"";"N";"";"C$1,381.79";"";"1,381.79";"";"1.00"
"";"";"";"";"";"";"Cash and Deposit";"S";"";"N";"-C$1,381.79";"";"-1,381.79";"";"1.00";""
"2013-07-31";"Cash and Deposit";"";"Qc Payroll taxes Forgot June";"";"";"Payroll Tax Qc";"T";"";"N";"-C$0.04";"";"-0.04";"";"";""
"";"";"";"";"";"";"Payroll Tax Qc";"S";"";"N";"";"C$0.04";"";"0.04";"";"1.00"
"";"";"";"";"";"";"Cash and Deposit";"S";"";"N";"-C$0.04";"";"-0.04";"";"1.00";""
"2013-07-31";"Cash and Deposit";"";"Qc Payroll taxes June&July";"";"";"Payroll Tax Qc";"T";"";"N";"-C$2,801.31";"";"-2,801.31";"";"";""
"";"";"";"";"";"";"Payroll Tax Qc";"S";"";"N";"";"C$2,801.31";"";"2,801.31";"";"1.00"
"";"";"";"";"";"";"Cash and Deposit";"S";"";"N";"-C$2,801.31";"";"-2,801.31";"";"1.00";""
"2013-08-02";"Cash and Deposit";"001";"PMT Employee12 Juillet";"";"";"Salary - Wages";"T";"";"N";"-C$2,184.82";"";"-2,184.82";"";"";""
"";"";"";"";"";"";"Salary - Wages";"S";"";"N";"";"C$2,184.82";"";"2,184.82";"";"1.00"
"";"";"";"";"";"";"Cash and Deposit";"S";"";"N";"-C$2,184.82";"";"-2,184.82";"";"1.00";""
"2013-08-05";"Cash and Deposit";"002";"PMT Employee11 Juillet";"";"";"Salary - Wages";"T";"";"N";"-C$2,271.88";"";"-2,271.88";"";"";""
"";"";"";"";"";"";"Salary - Wages";"S";"";"N";"";"C$2,271.88";"";"2,271.88";"";"1.00"
"";"";"";"";"";"";"Cash and Deposit";"S";"";"N";"-C$2,271.88";"";"-2,271.88";"";"1.00";""
"2013-08-27";"Cash and Deposit";"336";"HSREMOVED ";"";"";"Accounts Receivable";"T";"";"N";"C$4,281.00";"";"4,281.00";"";"";""
"";"";"";"";"";"";"Cash and Deposit";"S";"";"N";"C$4,281.00";"";"4,281.00";"";"1.00";""
"";"";"";"";"";"Expo Quebec";"Accounts Receivable";"S";"";"N";"";"-C$4,281.00";"";"-4,281.00";"";"1.00"
"2013-08-30";"Cash and Deposit";"";"Bank Charge";"";"";"Bank Service Charge";"T";"";"N";"-C$4.95";"";"-4.95";"";"";""
"";"";"";"";"";"";"Bank Service Charge";"S";"";"N";"";"C$4.95";"";"4.95";"";"1.00"
"";"";"";"";"";"";"Cash and Deposit";"S";"";"N";"-C$4.95";"";"-4.95";"";"1.00";""
"2013-08-30";"Cash and Deposit";"";"Bank Charge";"";"";"Bank Service Charge";"T";"";"N";"-C$0.20";"";"-0.20";"";"";""
"";"";"";"";"";"";"Bank Service Charge";"S";"";"N";"";"C$0.20";"";"0.20";"";"1.00"
"";"";"";"";"";"";"Cash and Deposit";"S";"";"N";"-C$0.20";"";"-0.20";"";"1.00";""
"2013-08-30";"Cash and Deposit";"004";"PMT Employee12 3 Aout";"";"";"Salary - Wages";"T";"";"N";"-C$1,092.41";"";"-1,092.41";"";"";""
"";"";"";"";"";"";"Salary - Wages";"S";"";"N";"";"C$1,092.41";"";"1,092.41";"";"1.00"
"";"";"";"";"";"";"Cash and Deposit";"S";"";"N";"-C$1,092.41";"";"-1,092.41";"";"1.00";""
"2013-09-03";"Cash and Deposit";"005";"PMT Employee11 3 Aout";"";"";"Salary - Wages";"T";"";"N";"-C$777.48";"";"-777.48";"";"";""
"";"";"";"";"";"";"Salary - Wages";"S";"";"N";"";"C$777.48";"";"777.48";"";"1.00"
"";"";"";"";"";"";"Cash and Deposit";"S";"";"N";"-C$777.48";"";"-777.48";"";"1.00";""
"2013-09-09";"Cash and Deposit";"006";"PMT Employee12 17 Aout";"";"";"Salary - Wages";"T";"";"N";"-C$1,092.41";"";"-1,092.41";"";"";""
"";"";"";"";"";"";"Salary - Wages";"S";"";"N";"";"C$1,092.41";"";"1,092.41";"";"1.00"
"";"";"";"";"";"";"Cash and Deposit";"S";"";"N";"-C$1,092.41";"";"-1,092.41";"";"1.00";""
"2013-09-09";"Cash and Deposit";"007";"PMT Employee12 31 Aout";"";"";"Salary - Wages";"T";"";"N";"-C$1,092.41";"";"-1,092.41";"";"";""
"";"";"";"";"";"";"Salary - Wages";"S";"";"N";"";"C$1,092.41";"";"1,092.41";"";"1.00"
"";"";"";"";"";"";"Cash and Deposit";"S";"";"N";"-C$1,092.41";"";"-1,092.41";"";"1.00";""
"2013-09-16";"Cash and Deposit";"temp";"IVS-Temporaire";"";"";"Accounts Receivable";"T";"";"N";"C$3,000.00";"";"3,000.00";"";"";""
"";"";"";"";"";"";"Cash and Deposit";"S";"";"N";"C$3,000.00";"";"3,000.00";"";"1.00";""
"";"";"";"";"";"";"Accounts Receivable";"S";"";"N";"";"-C$3,000.00";"";"-3,000.00";"";"1.00"
"2013-09-25";"Cash and Deposit";"008";"PMT Employee12 14 Sept";"";"";"Salary - Wages";"T";"";"N";"-C$1,092.41";"";"-1,092.41";"";"";""
"";"";"";"";"";"";"Salary - Wages";"S";"";"N";"";"C$1,092.41";"";"1,092.41";"";"1.00"
"";"";"";"";"";"";"Cash and Deposit";"S";"";"N";"-C$1,092.41";"";"-1,092.41";"";"1.00";""
"2013-09-30";"Cash and Deposit";"";"Qc Payroll taxes Aug&Sept";"";"";"Payroll Tax Qc";"T";"";"N";"-C$1,851.09";"";"-1,851.09";"";"";""
"";"";"";"";"";"";"Payroll Tax Qc";"S";"";"N";"";"C$1,851.09";"";"1,851.09";"";"1.00"
"";"";"";"";"";"";"Cash and Deposit";"S";"";"N";"-C$1,851.09";"";"-1,851.09";"";"1.00";""
"2013-09-30";"Cash and Deposit";"";"Fed Payroll taxes Aug&Sept";"";"";"Payroll Tax Fed";"T";"";"N";"-C$901.19";"";"-901.19";"";"";""
"";"";"";"";"";"";"Payroll Tax Fed";"S";"";"N";"";"C$901.19";"";"901.19";"";"1.00"
"";"";"";"";"";"";"Cash and Deposit";"S";"";"N";"-C$901.19";"";"-901.19";"";"1.00";""
"2013-09-30";"Cash and Deposit";"";"Bank Charge";"";"";"Bank Service Charge";"T";"";"N";"-C$4.95";"";"-4.95";"";"";""
"";"";"";"";"";"";"Bank Service Charge";"S";"";"N";"";"C$4.95";"";"4.95";"";"1.00"
"";"";"";"";"";"";"Cash and Deposit";"S";"";"N";"-C$4.95";"";"-4.95";"";"1.00";""
"2013-09-30";"Cash and Deposit";"";"Bank Charge";"";"";"Bank Service Charge";"T";"";"N";"-C$0.20";"";"-0.20";"";"";""
"";"";"";"";"";"";"Bank Service Charge";"S";"";"N";"";"C$0.20";"";"0.20";"";"1.00"
"";"";"";"";"";"";"Cash and Deposit";"S";"";"N";"-C$0.20";"";"-0.20";"";"1.00";""
"2013-10-07";"Cash and Deposit";"009";"PMT Employee12 28 Sept";"";"";"Salary - Wages";"T";"";"N";"-C$1,092.41";"";"-1,092.41";"";"";""
"";"";"";"";"";"";"Salary - Wages";"S";"";"N";"";"C$1,092.41";"";"1,092.41";"";"1.00"
"";"";"";"";"";"";"Cash and Deposit";"S";"";"N";"-C$1,092.41";"";"-1,092.41";"";"1.00";""
"2013-10-21";"Cash and Deposit";"";"Investment Employee1";"";"";"1-Owners investment";"T";"";"N";"C$2,000.00";"";"2,000.00";"";"";""
"";"";"";"";"";"";"Cash and Deposit";"S";"";"N";"C$2,000.00";"";"2,000.00";"";"1.00";""
"";"";"";"";"";"";"1-Owners investment";"S";"";"N";"";"-C$2,000.00";"";"-2,000.00";"";"1.00"
"2013-10-21";"Cash and Deposit";"010";"PMT Employee12 18 Oct";"";"";"Salary - Wages";"T";"";"N";"-C$1,092.41";"";"-1,092.41";"";"";""
"";"";"";"";"";"";"Salary - Wages";"S";"";"N";"";"C$1,092.41";"";"1,092.41";"";"1.00"
"";"";"";"";"";"";"Cash and Deposit";"S";"";"N";"-C$1,092.41";"";"-1,092.41";"";"1.00";""
"2013-10-31";"Cash and Deposit";"";"Bank Charge";"";"";"Bank Service Charge";"T";"";"N";"-C$4.95";"";"-4.95";"";"";""
"";"";"";"";"";"";"Bank Service Charge";"S";"";"N";"";"C$4.95";"";"4.95";"";"1.00"
"";"";"";"";"";"";"Cash and Deposit";"S";"";"N";"-C$4.95";"";"-4.95";"";"1.00";""
"2013-11-15";"Cash and Deposit";"012";"PMT Employee12 15 Nov";"";"";"Salary - Wages";"T";"";"N";"-C$1,092.41";"";"-1,092.41";"";"";""
"";"";"";"";"";"";"Salary - Wages";"S";"";"N";"";"C$1,092.41";"";"1,092.41";"";"1.00"
"";"";"";"";"";"";"Cash and Deposit";"S";"";"N";"-C$1,092.41";"";"-1,092.41";"";"1.00";""
